product_id,product_code,product_description
200,20,Produto Z769
201,17,Produto T822
202,7,Produto E827
203,23,Produto G994
204,18,Produto U337
205,17,Produto G609
206,25,Produto A407
207,38,Produto G584
208,11,Produto O943
209,41,Produto C955
210,28,Produto L544
211,7,Produto F213
212,19,Produto N759
213,4,Produto D177
214,17,Produto J937
215,39,Produto S284
216,40,Produto Y349
217,30,Produto G748
218,20,Produto M874
219,10,Produto O463
220,1,Produto C925
221,1,Produto Q257
222,34,Produto B606
223,15,Produto W388
224,32,Produto V634
225,23,Produto A317
226,11,Produto J240
227,21,Produto E338
228,6,Produto B585
229,17,Produto N361
230,28,Produto I246
231,3,Produto Q788
232,46,Produto Z547
233,14,Produto G422
234,39,Produto T940
235,20,Produto X356
236,44,Produto M279
237,29,Produto T289
238,16,Produto K344
239,32,Produto G145
240,26,Produto H916
241,5,Produto R208
242,10,Produto Z955
243,36,Produto U968
244,2,Produto S837
245,19,Produto H791
246,11,Produto V318
247,4,Produto K333
248,13,Produto E317
249,33,Produto Y845
250,46,Produto Q690
251,2,Produto U899
252,25,Produto P399
253,36,Produto S238
254,15,Produto K831
255,40,Produto I357
256,42,Produto X273
257,40,Produto Q389
258,5,Produto T479
259,19,Produto Y316
260,47,Produto E906
261,14,Produto Y220
262,39,Produto Y699
263,12,Produto O924
264,11,Produto P61
265,8,Produto W591
266,19,Produto U706
267,22,Produto G935
268,44,Produto G994
269,7,Produto V779
270,39,Produto R20
271,10,Produto M881
272,20,Produto E366
273,32,Produto P527
274,29,Produto R437
275,10,Produto U483
276,42,Produto I491
277,26,Produto K965
278,31,Produto A338
279,30,Produto W458
280,44,Produto A726
281,44,Produto C383
282,46,Produto P800
283,47,Produto Q498
284,48,Produto C512
285,29,Produto H688
286,49,Produto Y824
287,16,Produto O164
288,5,Produto T983
289,40,Produto X152
290,6,Produto M816
291,34,Produto D633
292,48,Produto N194
293,45,Produto I337
294,16,Produto K893
295,20,Produto Y464
296,46,Produto L885
297,5,Produto B500
298,33,Produto B166
299,38,Produto I435
200,20,Produto Z769
244,2,
288,ABC,Produto T983
